{
    "items": [
        {
            "Name": "Arena",
            "TextColor": {
                "r": 1.0,
                "g": 1.0,
                "b": 1.0,
                "a": 1.0
            },
            "IsGradientBackground": true,
            "BackgroundColor": {
                "r": 0.3962264060974121,
                "g": 0.3962264060974121,
                "b": 0.3962264060974121,
                "a": 1.0
            },
            "BackgroundGradient": {
                "serializedVersion": "2",
                "key0": {
                    "r": 0.2352941334247589,
                    "g": 0.2352941334247589,
                    "b": 0.2352941334247589,
                    "a": 1.0
                },
                "key1": {
                    "r": 0.4227220416069031,
                    "g": 0.4227220416069031,
                    "b": 0.4227220416069031,
                    "a": 1.0
                },
                "key2": {
                    "r": 0.6367843151092529,
                    "g": 0.6367843151092529,
                    "b": 0.6367843151092529,
                    "a": 0.0
                },
                "key3": {
                    "r": 0.7600691318511963,
                    "g": 0.7600691318511963,
                    "b": 0.7600691318511963,
                    "a": 0.0
                },
                "key4": {
                    "r": 1.0,
                    "g": 1.0,
                    "b": 1.0,
                    "a": 0.0
                },
                "key5": {
                    "r": 1.0,
                    "g": 1.0,
                    "b": 1.0,
                    "a": 0.0
                },
                "key6": {
                    "r": 1.0,
                    "g": 1.0,
                    "b": 1.0,
                    "a": 0.0
                },
                "key7": {
                    "r": 0.0,
                    "g": 0.0,
                    "b": 0.0,
                    "a": 0.0
                },
                "ctime0": 0,
                "ctime1": 20946,
                "ctime2": 39193,
                "ctime3": 51272,
                "ctime4": 65535,
                "ctime5": 65535,
                "ctime6": 65535,
                "ctime7": 0,
                "atime0": 0,
                "atime1": 65535,
                "atime2": 0,
                "atime3": 0,
                "atime4": 0,
                "atime5": 0,
                "atime6": 0,
                "atime7": 0,
                "m_Mode": 2,
                "m_ColorSpace": 0,
                "m_NumColorKeys": 5,
                "m_NumAlphaKeys": 2
            },
            "FontSize": 12,
            "FontStyle": 0,
            "TextAnchor": 4,
            "ImageType": 0
        },
        {
            "Name": "Characters",
            "TextColor": {
                "r": 1.0,
                "g": 1.0,
                "b": 1.0,
                "a": 1.0
            },
            "IsGradientBackground": true,
            "BackgroundColor": {
                "r": 0.3962264060974121,
                "g": 0.3962264060974121,
                "b": 0.3962264060974121,
                "a": 1.0
            },
            "BackgroundGradient": {
                "serializedVersion": "2",
                "key0": {
                    "r": 0.2352941334247589,
                    "g": 0.2352941334247589,
                    "b": 0.2352941334247589,
                    "a": 1.0
                },
                "key1": {
                    "r": 0.4227220416069031,
                    "g": 0.4227220416069031,
                    "b": 0.4227220416069031,
                    "a": 1.0
                },
                "key2": {
                    "r": 0.6367843151092529,
                    "g": 0.6367843151092529,
                    "b": 0.6367843151092529,
                    "a": 0.0
                },
                "key3": {
                    "r": 0.7600691318511963,
                    "g": 0.7600691318511963,
                    "b": 0.7600691318511963,
                    "a": 0.0
                },
                "key4": {
                    "r": 1.0,
                    "g": 1.0,
                    "b": 1.0,
                    "a": 0.0
                },
                "key5": {
                    "r": 0.0,
                    "g": 0.0,
                    "b": 0.0,
                    "a": 0.0
                },
                "key6": {
                    "r": 0.0,
                    "g": 0.0,
                    "b": 0.0,
                    "a": 0.0
                },
                "key7": {
                    "r": 0.0,
                    "g": 0.0,
                    "b": 0.0,
                    "a": 0.0
                },
                "ctime0": 0,
                "ctime1": 20946,
                "ctime2": 39193,
                "ctime3": 51272,
                "ctime4": 65535,
                "ctime5": 0,
                "ctime6": 0,
                "ctime7": 0,
                "atime0": 0,
                "atime1": 65535,
                "atime2": 0,
                "atime3": 0,
                "atime4": 0,
                "atime5": 0,
                "atime6": 0,
                "atime7": 0,
                "m_Mode": 2,
                "m_ColorSpace": 0,
                "m_NumColorKeys": 5,
                "m_NumAlphaKeys": 2
            },
            "FontSize": 12,
            "FontStyle": 0,
            "TextAnchor": 4,
            "ImageType": 0
        }
    ]
}